Reko Alingsås,https://www.facebook.com/groups/595192657337957/,12.5450134 57.9283403
Reko Motala,https://www.facebook.com/rekohandelmotala.se/,15.0468063 58.5422824
Reko Östhammar,https://www.facebook.com/groups/1281319238623141/,18.3690548 60.2589773
Reko Karlsborg,https://www.facebook.com/groups/233153790476587/,14.5119095 58.5287749
Reko Nyköping,https://www.facebook.com/groups/710086549146877/,16.9980812 58.7556479
Reko Malmköping,https://www.facebook.com/groups/203149196799349/,16.7268562 59.1337254
Reko Skara,https://www.facebook.com/groups/596492003891356/,13.4390688 58.3856306
Reko Töreboda,https://www.facebook.com/groups/143832796138176/,14.1260254 58.7043906
Reko Vara,https://www.facebook.com/groups/REKOringVARA/,12.9532349 58.2611932
Reko Västerås,https://www.facebook.com/groups/443710139306000/,16.5458608 59.6104158
Reko Hova/gullspång,https://www.facebook.com/groups/1379451858783847/,14.216845 58.8577699
Reko Vänersborg,https://www.facebook.com/groups/1947327305503248/,12.3182487 58.3760459
Reko Boden-Luleå,https://www.facebook.com/groups/1127106890733154/,22.0935059 65.6197552
Reko Götene,https://www.facebook.com/groups/264648617278738/,13.4926271 58.5290662
Reko Uppsala,https://www.facebook.com/groups/1318554738186482/,17.6293659 59.8602685
Reko Mjölby,https://www.facebook.com/groups/1281676328567546/,15.1327872 58.3226751
Reko Eskilstuna,https://www.facebook.com/groups/1948681582028563/,16.5067005 59.3698114
Reko Lidköping,https://www.facebook.com/groups/860844294047267/,13.1628871 58.5040985
Reko Mariestad,https://www.facebook.com/groups/1968966706723117/,13.8219166 58.7106319
Reko Dalsland,https://www.facebook.com/groups/219214785245810/,12.463603 58.7020832
REKO Karlstad,https://www.facebook.com/groups/124288634806869/,13.5054374 59.3807422
Reko Norrtälje,https://www.facebook.com/groups/195618094283480/,18.6926794 59.7529148
Skövde city,https://www.facebook.com/groups/1755686124447665/,13.8517427 58.3901183
Reko Malmö,https://www.facebook.com/groups/REKOMalmo/,12.9863897 55.6056464
Reko Lund,https://www.facebook.com/groups/652752628264300/,13.1565839 55.7117126
Reko Sydnärke,https://www.facebook.com/groups/1441004562627171/,15.0049692 59.06386
Reko Uddevalla,https://www.facebook.com/groups/rekouddevalla/,11.9268581 58.3503502
Reko Göteborg,https://www.facebook.com/groups/rekogbg/,11.9585753 57.7001977
Reko Nossebro,https://www.facebook.com/groups/rekonossebro/,12.7176699 58.1898238
Reko Örebro,https://www.facebook.com/groups/1639685079666967/,15.2055825 59.2973541
Reko Falköping,https://www.facebook.com/groups/592479360942032/,13.5540658 58.1610298
Reko Trollhättan,https://www.facebook.com/groups/393316531030729/,12.2952676 58.2818608
Reko Linköping,https://www.facebook.com/groups/1163498600349258/,15.5888483 58.4342101
Reko Grästorp,https://www.facebook.com/groups/1219236708138143/,12.67995 58.3345328
Reko Skövde,https://www.facebook.com/groups/592835597593520/,13.8454985 58.4141551
Reko Borås,https://www.facebook.com/groups/1639685079666967/,12.9495764 57.7210164
